Employee_ID,Name,Age,Department,Position,Salary,Hire_Date
E0001,Henry Hernandez,36,Finance,Chief Financial Officer (CFO),99324.11,2021-12-06
E0002,Alexander Miller,60,Human Resources,Human Resources Specialist,78170.68,2021-03-31
E0003,Meagan Ortiz,54,Information Technology (IT),Information Technology Manager,97190.87,2023-01-13
E0005,Corey Jackson,39,Marketing,SEO Specialist,57595.13,2023-01-29
E0006,Charles Lopez,35,Legal,Corporate Lawyer,127988.14,2020-02-17
E0007,Joshua Williams,34,Marketing,Content Creator,96021.19,2015-12-21
E0008,Samuel Thornton,51,Marketing,Content Creator,108852.17,2023-05-26
E0009,Erik Scott,55,Operations,Operations Manager,132033.89,2015-09-13
E0010,Brianna Underwood,22,Legal,Paralegal,72656.75,2021-06-05
E0011,Melanie Olson,39,Marketing,SEO Specialist,148255.54,2016-04-25
E0012,Meredith Reynolds,45,Product Development,R&D Specialist,77460.54,2020-05-27
E0013,Holly Taylor,31,Finance,Financial Analyst,79948.04,2021-08-17
E0014,Christine Jackson,58,Sales,Sales Manager,103719.09,2015-12-06
E0015,Michael Davis,30,Human Resources,Human Resources Manager,94263.92,2023-11-09
E0016,Joanna Acosta,52,Product Development,Product Manager,96789.39,2017-06-20
E0017,Brandon King,46,Operations,Operations Manager,146623.73,2015-12-15
E0018,John Anderson,55,Marketing,Content Creator,86284.2,2020-11-29
E0019,Jessica Garcia,55,Sales,Sales Manager,114054.47,2020-12-19
E0020,Frank Hall,24,Marketing,SEO Specialist,114812.16,2022-03-30
E0021,Thomas Cohen,35,Sales,Sales Representative,109536.35,2021-02-12
E0022,Anthony Pena,44,Legal,Paralegal,52479.4,2024-04-03
E0023,Sean Meyers,33,Finance,Chief Financial Officer (CFO),55637.89,2021-04-11
E0024,Darren King,33,Marketing,Content Creator,149540.78,2020-01-01
E0025,Haley Perez,30,Finance,Accountant,122812.08,2019-11-03
E0026,Mitchell Cooper,53,Operations,Quality Assurance Specialist,51030.06,2020-02-10
E0027,Patrick Ross,24,Sales,Account Manager,67845.03,2021-09-04
E0028,Cassidy Smith,53,Marketing,Content Creator,68931.19,2016-03-01
E0029,Ryan Kennedy,53,Legal,Corporate Lawyer,63644.11,2020-03-08
E0030,Ashley Pope,38,Marketing,Marketing Manager,92814.34,2024-05-27
E0031,Deanna Frey,42,Human Resources,Human Resources Specialist,136690.29,2014-11-16
E0032,Charles Hall,31,Finance,Financial Analyst,89110.67,2015-09-04
E0033,Vanessa Williams,50,Human Resources,Human Resources Manager,144192.43,2024-07-13
E0034,Christina Barton DDS,55,Customer Service,Customer Service Manager,116129.89,2016-09-13
E0035,Virginia Lynch,39,Operations,Quality Assurance Specialist,93487.23,2023-05-18
E0036,Jamie Burke,26,Operations,Logistics Coordinator,113857.64,2019-09-25
E0037,Timothy Holmes,26,Sales,Sales Representative,63377.09,2018-03-23
E0038,Shawn Benson,33,Finance,Financial Analyst,74614.95,2016-06-25
E0039,Michael Oliver,38,Product Development,Product Designer,64856.23,2021-06-13
E0040,Becky Wilson,29,Sales,Sales Manager,54611.73,2020-09-12
E0041,Tina Webster,45,Customer Service,Technical Support Specialist,99107.27,2018-01-16
E0042,Beverly Jones,50,Product Development,R&D Specialist,148430.22,2019-11-08
E0043,Virginia Wilson,29,Operations,Logistics Coordinator,117764.3,2020-06-04
E0044,Joseph Rodriguez,59,Human Resources,Human Resources Manager,101859.82,2017-06-18
E0045,Tina Pacheco,60,Product Development,Product Manager,136888.17,2017-07-11
E0046,Elizabeth Villa,58,Information Technology (IT),Information Technology Manager,125605.27,2023-03-25
E0047,Eric Weiss,30,Finance,Accountant,79360.98,2023-11-08
E0048,Michael Maldonado,22,Product Development,Product Manager,94623.49,2024-04-29
E0049,Katherine Dougherty,58,Marketing,Marketing Manager,106126.73,2017-09-24
E0050,Carolyn Hoffman,48,Marketing,Content Creator,55010.73,2022-10-15
E0051,Kevin Brandt,44,Legal,General Counsel,80507.62,2024-04-25
E0052,Kristi Carr,22,Information Technology (IT),Software Developer,104234.56,2018-02-04
E0053,Lauren Schmidt,24,Human Resources,Human Resources Manager,141854.22,2017-09-22
E0054,James Rojas,59,Marketing,Content Creator,136748.07,2020-12-25
E0055,Brent Taylor,27,Legal,General Counsel,134013.45,2023-03-26
E0056,Tiffany Booth,60,Product Development,Product Designer,81347.84,2019-09-28
E0057,Troy Moody,36,Human Resources,Human Resources Manager,97181.48,2014-12-16
E0058,James Norton,23,Finance,Chief Financial Officer (CFO),121740.57,2014-11-07
E0059,James Ellis,47,Legal,Corporate Lawyer,139322.27,2023-01-10
E0060,John Sparks,26,Sales,Sales Manager,120707.08,2016-12-06
E0061,Brian Vincent,24,Customer Service,Customer Service Manager,61609.74,2020-02-26
E0062,Bridget Martinez,48,Customer Service,Customer Service Representative,130283.67,2024-03-08
E0063,Gerald Thompson,30,Legal,Paralegal,54026.43,2022-03-17
E0064,Richard Cain,57,Sales,Sales Representative,68290.82,2022-07-16
E0065,Ebony Drake,52,Customer Service,Customer Service Manager,81729.27,2018-12-04
E0066,Brenda Holt,23,Human Resources,Recruiter,113481.76,2016-10-09
E0067,Taylor Jefferson,32,Finance,Financial Analyst,58785.68,2021-05-26
E0068,Brent Daniels,27,Product Development,Product Designer,107190.26,2021-07-24
E0069,April Phillips,55,Product Development,R&D Specialist,85754.15,2015-08-25
E0070,Michael Mathis,48,Information Technology (IT),Information Technology Manager,69950.37,2023-10-19
E0071,Janice Hart,22,Finance,Financial Analyst,77550.64,2017-03-14
E0072,Angelica Vasquez,27,Legal,Corporate Lawyer,109481.52,2022-01-12
E0073,Laura Marshall,52,Operations,Quality Assurance Specialist,52620.24,2017-12-17
E0074,Austin Martinez,33,Human Resources,Human Resources Manager,72242.31,2020-05-28
E0075,Thomas Cox,39,Information Technology (IT),Network Administrator,113927.05,2015-04-27
E0076,Alex Smith,58,Finance,Chief Financial Officer (CFO),50526.91,2016-09-24
E0077,Jason Mcfarland,48,Human Resources,Recruiter,143958.84,2022-03-19
E0078,Tyler Gutierrez,25,Information Technology (IT),Software Developer,120067.31,2022-09-26
E0079,Mrs. Julie Thomas,39,Sales,Sales Manager,82679.48,2024-03-31
E0080,Wesley Beard,26,Marketing,SEO Specialist,105474.27,2015-10-26
E0081,Teresa Arnold,49,Marketing,Content Creator,87313.43,2015-02-13
E0082,Scott Brown IV,44,Marketing,Content Creator,77639.31,2023-02-22
E0083,Anthony Gill,29,Human Resources,Human Resources Specialist,145330.61,2021-04-09
E0084,Michael Manning,41,Product Development,R&D Specialist,142492.05,2016-06-28
E0085,Rebecca Ross,32,Product Development,R&D Specialist,132471.81,2024-01-20
E0086,Melissa Yates PhD,51,Sales,Sales Manager,75925.25,2019-08-16
E0087,Eric Stout,29,Information Technology (IT),Information Technology Manager,120820.69,2016-12-18
E0088,Emily Ward,28,Finance,Accountant,107455.55,2021-04-09
E0089,Christopher Miller,32,Sales,Sales Representative,105160.8,2017-01-15
E0090,Kerry Wade,26,Marketing,Content Creator,103469.62,2017-07-22
E0091,Cynthia Vincent MD,46,Product Development,Product Designer,131692.25,2022-03-22
E0092,Kelly Watson,52,Finance,Accountant,101493.34,2021-03-31
E0093,Michelle Nelson,56,Marketing,Marketing Manager,147213.09,2023-11-28
E0094,Michelle Beltran,27,Finance,Accountant,98650.25,2020-11-16
E0095,Kimberly Ferguson,34,Marketing,Marketing Manager,118683.23,2018-04-15
E0096,Jonathan Stewart,30,Legal,General Counsel,66793.98,2019-07-03
E0097,Troy Smith,24,Legal,General Counsel,104582.06,2020-06-11
E0098,Michelle Mcdowell,33,Finance,Chief Financial Officer (CFO),87189.11,2016-05-26
E0099,Dr. David Cruz,32,Marketing,SEO Specialist,134599.57,2020-07-22
E0100,Debra Rios,42,Finance,Financial Analyst,99533.62,2016-07-06
E0101,Erin Carter,55,Customer Service,Customer Service Manager,130721.67,2016-02-03
E0102,Amy Weber,36,Marketing,SEO Specialist,120810.23,2021-06-24
E0103,Summer Harris,43,Sales,Account Manager,91295.45,2020-12-02
E0104,John Green,33,Information Technology (IT),Software Developer,50889.31,2014-09-18
E0105,Chelsea Owens,59,Legal,Corporate Lawyer,70930.96,2020-12-30
E0106,Patty Rodriguez,23,Customer Service,Customer Service Representative,123419.42,2017-04-22
E0107,Katie Church,59,Human Resources,Recruiter,139941.47,2018-09-21
E0108,Emily Miller,49,Customer Service,Customer Service Representative,75078.19,2016-09-09
E0109,Sherry Bell,52,Marketing,Content Creator,67306.15,2015-10-26
E0110,Gloria Roberts,40,Human Resources,Recruiter,143396.18,2019-06-28
E0111,Debbie Alexander,59,Marketing,SEO Specialist,124848.51,2024-02-25
E0112,Manuel Schneider,23,Marketing,Marketing Manager,112410.53,2016-10-19
E0113,Neil Ball,36,Customer Service,Customer Service Representative,77219.65,2017-11-14
E0114,Courtney Richardson,48,Customer Service,Customer Service Representative,68271.29,2018-10-23
E0115,Barry Johnson,35,Customer Service,Customer Service Manager,142337.09,2015-12-14
E0116,Christopher Smith,47,Sales,Sales Representative,63224.0,2019-01-22
E0117,Jacqueline Woods,22,Information Technology (IT),Information Technology Manager,61774.36,2019-11-22
E0118,Jaclyn Ramirez,26,Legal,Corporate Lawyer,116356.23,2022-06-13
E0119,Dr. Bradley Kelley,52,Marketing,Content Creator,64992.82,2021-01-27
E0120,Rebecca Casey,59,Product Development,Product Manager,122531.46,2014-08-28
E0121,Rebecca Mcdaniel,35,Human Resources,Human Resources Manager,119414.93,2017-08-02
E0122,Victoria Gonzalez,28,Sales,Sales Manager,67404.11,2017-07-20
E0123,Barry Perry,25,Finance,Financial Analyst,109940.57,2020-05-02
E0124,Dennis Howard,50,Product Development,Product Manager,108637.06,2019-12-22
E0125,Hannah White,34,Finance,Chief Financial Officer (CFO),141437.16,2021-04-28
E0126,Heather Gray,47,Human Resources,Human Resources Manager,107887.44,2019-02-09
E0127,Pamela Rasmussen,41,Legal,Corporate Lawyer,114449.14,2024-01-09
E0128,Timothy Patterson,25,Product Development,Product Designer,137800.81,2019-02-24
E0129,Savannah Maldonado,60,Customer Service,Customer Service Manager,117485.95,2018-01-12
E0130,Miguel Reed,55,Human Resources,Human Resources Manager,124410.74,2022-08-23
E0131,John Mendez,49,Operations,Logistics Coordinator,74307.59,2023-10-02
E0132,Vanessa Monroe,43,Operations,Logistics Coordinator,70701.37,2023-09-11
E0133,Sarah Farmer,52,Legal,Paralegal,105724.21,2024-02-27
E0134,Nicole Jackson,25,Human Resources,Human Resources Manager,129706.73,2022-02-05
E0135,John Collins,33,Product Development,Product Manager,94547.72,2022-09-03
E0136,Patricia Walker,32,Marketing,SEO Specialist,96447.2,2024-01-14
E0137,Jessica Torres,35,Product Development,Product Designer,60939.27,2018-05-09
E0138,George Hull,53,Customer Service,Customer Service Representative,79964.74,2022-02-14
E0139,Ashley Roberson,52,Information Technology (IT),Software Developer,112557.61,2020-07-27
E0140,Jamie Ritter DVM,31,Customer Service,Customer Service Manager,87558.14,2018-07-31
E0141,Andrew Kelly,59,Marketing,Content Creator,50473.73,2023-01-21
E0142,Vernon Gross,36,Sales,Account Manager,104448.19,2024-06-19
E0143,Justin Roach,55,Customer Service,Customer Service Representative,51128.93,2021-11-29
E0144,Gina Mccarthy,27,Sales,Sales Representative,140875.07,2021-08-05
E0145,Robert Horn,51,Human Resources,Human Resources Manager,106942.72,2015-07-03
E0146,Justin Saunders,29,Human Resources,Recruiter,77363.19,2021-06-20
E0147,Chad Decker,38,Information Technology (IT),Information Technology Manager,114701.93,2017-07-04
E0148,Tommy Anderson,59,Sales,Account Manager,79694.13,2018-12-20
E0149,Nicole Pearson,46,Legal,Corporate Lawyer,80571.68,2017-09-03
E0150,Paul Martin,39,Information Technology (IT),Network Administrator,59425.66,2015-02-08
E0151,Kenneth Lee,22,Legal,Corporate Lawyer,116554.59,2018-08-31
E0152,Toni Mendoza,43,Legal,Paralegal,60754.53,2014-08-07
E0153,Andrew Stephens,51,Information Technology (IT),Information Technology Manager,77129.14,2020-06-08
E0154,Michael Smith,51,Information Technology (IT),Network Administrator,109504.1,2019-03-26
E0155,Christine Robinson,38,Finance,Financial Analyst,104542.97,2024-06-19
E0156,Daniel Chambers,58,Information Technology (IT),Network Administrator,88792.1,2015-05-11
E0157,Kimberly Potts,38,Marketing,Marketing Manager,61085.36,2018-12-05
E0158,Erik Smith,56,Operations,Logistics Coordinator,65477.19,2015-06-10
E0159,Melissa Williams,42,Customer Service,Customer Service Representative,137083.17,2016-11-14
E0160,Sarah George,27,Product Development,R&D Specialist,131302.43,2019-09-16
E0161,Nicole Ramos,57,Customer Service,Customer Service Representative,80178.39,2017-06-30
E0162,Kathryn Perkins,32,Product Development,R&D Specialist,92490.5,2023-09-09
E0163,Gary Roberts,47,Marketing,Marketing Manager,66237.14,2015-10-12
E0164,Ashley Rivera,53,Customer Service,Customer Service Manager,132991.79,2017-11-30
E0165,Lisa Johnson,37,Customer Service,Customer Service Manager,111902.38,2018-03-05
E0166,Phyllis Kim,30,Operations,Quality Assurance Specialist,135353.85,2015-11-13
E0167,David Chan,30,Sales,Sales Manager,54438.98,2022-03-28
E0168,Ivan Cruz,39,Marketing,SEO Specialist,124130.05,2015-03-22
E0169,Katrina Morales,26,Sales,Account Manager,68438.49,2017-10-09
E0170,Luke Arnold,57,Information Technology (IT),Software Developer,84421.96,2015-07-17
E0171,Brian Guerrero,33,Sales,Sales Manager,135602.01,2017-01-29
E0172,Adam Woods,47,Human Resources,Human Resources Specialist,94158.98,2022-01-27
E0173,Tammy Johnson,35,Human Resources,Human Resources Manager,76594.99,2019-01-11
E0174,Lindsey Morgan,50,Product Development,R&D Specialist,59547.12,2015-02-03
E0175,Stephanie Caldwell,23,Finance,Accountant,135515.64,2020-12-03
E0176,April Woodard,31,Legal,General Counsel,117027.67,2024-05-16
E0177,Erik Juarez,25,Marketing,SEO Specialist,132142.39,2018-02-23
E0178,Jennifer Massey,26,Information Technology (IT),Software Developer,128299.82,2015-05-25
E0179,Latoya Gordon,50,Finance,Financial Analyst,113096.45,2021-08-16
E0180,David Mills,46,Operations,Operations Manager,66263.66,2020-06-30
E0181,Todd Bell,42,Operations,Logistics Coordinator,86570.74,2024-02-21
E0182,Nicole Bender,40,Legal,Corporate Lawyer,109781.3,2022-12-06
E0183,Suzanne Hanson,38,Product Development,Product Designer,90165.47,2017-07-18
E0184,Leah Anderson MD,51,Finance,Chief Financial Officer (CFO),102473.68,2022-07-30
E0185,Michael Stevens,47,Customer Service,Customer Service Manager,103245.65,2015-01-09
E0186,April Benton,34,Sales,Sales Representative,128352.78,2023-07-19
E0187,Heather Kerr,43,Legal,General Counsel,122779.81,2015-02-16
E0188,Michael Reid,46,Finance,Financial Analyst,87070.3,2016-06-30
E0189,Ralph Martinez,23,Product Development,Product Manager,149668.21,2014-10-13
E0190,Jeffrey Stein,49,Marketing,Marketing Manager,121404.8,2023-07-01
E0191,Rachel Moore,36,Customer Service,Customer Service Manager,127572.41,2015-05-03
E0192,Zachary Leonard,58,Operations,Quality Assurance Specialist,119140.78,2022-01-28
E0193,Jeff Ramsey,47,Human Resources,Recruiter,143388.9,2015-12-02
E0194,Debra White,57,Operations,Operations Manager,83211.23,2016-12-03
E0195,Karen Morris,25,Sales,Sales Representative,120902.48,2024-03-14
E0196,James Yates,48,Product Development,Product Manager,99897.77,2020-04-02
E0197,Jacqueline Lynn,33,Sales,Account Manager,101952.66,2022-12-13
E0198,Rebekah Valdez,34,Product Development,R&D Specialist,78449.97,2022-01-17
E0199,Jacqueline Mayer,48,Product Development,Product Designer,88261.52,2019-08-17
E0200,Robert Horn,52,Human Resources,Recruiter,118813.49,2015-03-10
E0201,Stephen Harrison,48,Finance,Financial Analyst,78997.98,2018-03-22
E0202,Anna Cook,48,Marketing,Content Creator,128815.24,2019-02-15
E0203,Heather Phillips,57,Product Development,Product Designer,76931.43,2016-11-22
E0204,Troy Schmidt,47,Human Resources,Human Resources Manager,129274.27,2023-12-04
E0205,Christina Patton,56,Product Development,R&D Specialist,87554.19,2016-11-14
E0206,Amber Rodriguez MD,28,Operations,Quality Assurance Specialist,116869.05,2020-03-06
E0207,James Powers,55,Information Technology (IT),Software Developer,59250.75,2020-08-11
E0208,Samuel Thomas,33,Sales,Sales Manager,149205.95,2020-05-08
E0209,Frank Scott,51,Sales,Sales Representative,147301.15,2022-10-22
E0210,Ashley Davis,45,Customer Service,Technical Support Specialist,68210.07,2017-12-22
E0211,Sharon Richards,59,Marketing,SEO Specialist,90284.94,2016-04-18
E0212,Daniel Gonzales,43,Finance,Financial Analyst,76363.86,2024-03-19
E0213,Jesse Petersen,32,Marketing,Content Creator,101960.94,2018-02-09
E0214,Amanda Weeks,44,Information Technology (IT),Information Technology Manager,115530.33,2018-12-15
E0215,Scott Lewis,52,Operations,Logistics Coordinator,95379.48,2016-03-13
E0216,Steven Smith,23,Human Resources,Recruiter,145668.39,2016-08-21
E0217,Michael Yates,33,Finance,Accountant,110352.6,2024-07-08
E0218,Kathryn Golden,45,Human Resources,Recruiter,141134.65,2020-04-16
E0219,Amanda James,30,Sales,Account Manager,129282.97,2016-07-03
E0220,Carlos Hickman,30,Customer Service,Technical Support Specialist,116033.87,2021-01-06
E0221,Michael Soto,44,Customer Service,Technical Support Specialist,74948.0,2016-02-28
E0222,Autumn Doyle DVM,57,Customer Service,Customer Service Manager,148275.1,2015-04-22
E0223,Michael Reed,24,Human Resources,Human Resources Specialist,93213.16,2022-12-05
E0224,Adam Cruz,39,Finance,Accountant,92547.41,2016-11-20
E0225,Kevin Barnett,53,Human Resources,Human Resources Manager,83913.37,2015-01-31
E0226,Michelle Jones,35,Legal,General Counsel,115743.56,2017-06-02
E0227,Kelly Young,42,Marketing,Content Creator,57132.64,2022-02-05
E0228,Hannah Torres,43,Finance,Financial Analyst,77798.45,2021-01-15
E0229,Xavier Smith,26,Legal,General Counsel,58238.03,2023-07-28
E0230,Danielle Harvey,30,Operations,Logistics Coordinator,106306.14,2024-02-17
E0231,Michael Miller,51,Product Development,Product Manager,93591.54,2021-07-07
E0232,Bobby Ramos,30,Human Resources,Human Resources Specialist,71427.94,2023-05-09
E0233,Stephanie Long,51,Operations,Quality Assurance Specialist,113917.31,2023-10-13
E0234,Ian Peterson,31,Operations,Operations Manager,91474.61,2015-07-22
E0235,Laura Patrick,26,Product Development,Product Designer,86228.09,2016-10-29
E0236,Lee Wilson,57,Marketing,Marketing Manager,145921.22,2022-06-08
E0237,Brandon Webb,22,Information Technology (IT),Information Technology Manager,82501.16,2018-09-03
E0238,Jessica Mcdonald,39,Product Development,Product Manager,68422.91,2021-06-15
E0239,Erica Payne,27,Customer Service,Customer Service Representative,97599.81,2021-06-16
E0240,Ian Moore,45,Marketing,Content Creator,86549.82,2021-09-15
E0241,Curtis Morrison,29,Finance,Chief Financial Officer (CFO),138197.66,2020-01-01
E0242,Erin Odonnell,31,Human Resources,Recruiter,94734.35,2019-03-25
E0243,Matthew Morgan,57,Information Technology (IT),Software Developer,126500.23,2024-07-09
E0244,Michael Thomas,56,Sales,Account Manager,94576.34,2020-04-19
E0245,Mrs. Rachel Underwood,58,Customer Service,Customer Service Representative,65121.6,2019-10-19
E0246,Glenn Hughes,40,Product Development,Product Designer,81297.38,2016-10-03
E0247,James French,60,Operations,Operations Manager,124107.6,2019-05-18
E0248,Dale Medina,26,Legal,Paralegal,146812.27,2016-03-03
E0249,Dakota Walker,51,Sales,Account Manager,58853.89,2021-08-25
E0250,Cindy Sims,53,Information Technology (IT),Information Technology Manager,144815.99,2016-10-29
E0251,Nicole Sanders,56,Marketing,Marketing Manager,54455.26,2023-11-06
E0252,Sheila Kelly,50,Information Technology (IT),Network Administrator,120008.52,2018-05-07
E0253,Tara Burgess,42,Human Resources,Recruiter,119199.08,2023-07-25
E0254,James Stewart,35,Sales,Sales Representative,104749.57,2019-12-19
E0255,Carl Martinez,47,Customer Service,Technical Support Specialist,66161.08,2018-10-19
E0256,Charles Meyer,23,Product Development,R&D Specialist,92155.29,2018-12-31
E0257,Gary Higgins,43,Legal,Paralegal,69884.8,2023-08-16
E0258,Elizabeth Salas,53,Customer Service,Technical Support Specialist,58044.1,2014-08-07
E0259,Donna Richardson,31,Legal,Corporate Lawyer,105811.53,2019-04-07
E0260,Lauren Johnson,36,Customer Service,Customer Service Representative,120422.4,2016-12-09
E0261,Shannon Humphrey,36,Finance,Chief Financial Officer (CFO),128331.73,2018-09-13
E0262,Michael Miles,38,Human Resources,Human Resources Manager,75368.41,2023-03-23
E0263,Bryce Kent,22,Customer Service,Technical Support Specialist,117543.31,2022-04-01
E0264,Melissa Beltran MD,59,Operations,Quality Assurance Specialist,60806.81,2017-07-19
E0265,Diana Sullivan,52,Product Development,Product Manager,84774.62,2022-11-16
E0266,Jeremy King,32,Human Resources,Recruiter,123849.05,2023-05-24
E0267,Michelle Roach,42,Legal,Paralegal,84223.69,2021-01-04
E0268,Amanda Lee,54,Sales,Sales Representative,76739.35,2023-03-01
E0269,Taylor Turner,34,Product Development,Product Designer,134961.84,2019-08-18
E0270,Marcia Smith,34,Operations,Logistics Coordinator,62336.88,2021-05-09
E0271,Lauren Spencer,31,Customer Service,Customer Service Representative,111350.86,2015-12-21
E0272,Daniel Reilly,57,Product Development,R&D Specialist,93407.81,2016-05-22
E0273,Jennifer Smith,32,Information Technology (IT),Network Administrator,55503.66,2023-03-28
E0274,Jeffrey Weaver,40,Finance,Chief Financial Officer (CFO),149393.82,2018-05-16
E0275,Robert Lee,48,Product Development,Product Designer,89434.75,2021-10-03
E0276,Courtney Forbes,54,Operations,Operations Manager,91314.7,2021-02-06
E0277,Latoya Orr,49,Finance,Chief Financial Officer (CFO),126421.8,2016-11-25
E0278,Gabrielle Schwartz,29,Finance,Accountant,123285.64,2020-10-31
E0279,Jessica Hunter,54,Human Resources,Recruiter,122245.28,2021-07-01
E0280,Steven Li,34,Sales,Sales Manager,113440.62,2018-05-02
E0281,David Ortega,60,Legal,Corporate Lawyer,66526.66,2021-05-06
E0282,Nicole Wu,36,Operations,Logistics Coordinator,133246.12,2021-09-27
E0283,Ryan Moran,24,Sales,Account Manager,93983.55,2019-01-20
E0284,Mathew Bailey,50,Product Development,Product Manager,90605.84,2015-02-11
E0285,Sarah Nelson,22,Customer Service,Customer Service Manager,65793.04,2015-04-27
E0286,Shelly Edwards,46,Product Development,Product Designer,134178.21,2014-10-30
E0287,Peter Wagner,25,Product Development,R&D Specialist,104428.09,2020-10-14
E0288,Michael Brown,56,Sales,Account Manager,95827.55,2019-03-13
E0289,Melissa Brown,44,Information Technology (IT),Software Developer,106404.25,2018-08-24
E0290,Shawn Peterson,41,Operations,Operations Manager,61619.96,2021-12-21
E0291,Emily Simpson,29,Legal,Paralegal,123635.41,2017-07-20
E0292,Lisa Donovan,60,Information Technology (IT),Information Technology Manager,79912.15,2018-03-26
E0293,Danielle Mcdonald,46,Finance,Financial Analyst,63813.27,2022-01-01
E0294,Anita Reid,51,Product Development,R&D Specialist,60254.19,2020-02-24
E0295,Rachel Jacobs,46,Sales,Sales Representative,125185.83,2021-04-29
E0296,Matthew Martin,38,Information Technology (IT),Software Developer,54695.22,2016-09-19
E0297,Tammy Williams,47,Human Resources,Human Resources Manager,51024.17,2017-06-14
E0298,Heather Moran,60,Product Development,Product Manager,121905.96,2017-04-13
E0299,James Salinas,26,Operations,Quality Assurance Specialist,78161.83,2024-07-04
E0300,Andrea Mills,26,Marketing,Marketing Manager,78133.53,2021-02-02
E0301,Kyle Morgan,31,Marketing,Marketing Manager,139301.46,2014-07-28
E0302,Jason Powers,22,Customer Service,Technical Support Specialist,140718.18,2024-04-27
E0303,Mark Johnson,35,Human Resources,Human Resources Manager,80537.35,2022-06-22
E0304,Michael Phillips,22,Product Development,Product Manager,71243.71,2022-05-22
E0305,Michele Webb,30,Operations,Quality Assurance Specialist,76208.94,2014-07-29
E0306,Donna Velasquez,56,Human Resources,Human Resources Specialist,109341.24,2022-09-09
E0307,Donald Johnson,49,Operations,Logistics Coordinator,67779.04,2020-08-05
E0308,Laura Ellis,53,Human Resources,Recruiter,58621.53,2023-03-22
E0309,Colleen Velez,39,Finance,Chief Financial Officer (CFO),136763.46,2016-01-01
E0310,Brian Phillips,38,Finance,Financial Analyst,96240.84,2019-06-03
E0311,Roy Frank,40,Customer Service,Customer Service Manager,118600.08,2016-01-07
E0312,Mary Nunez,36,Finance,Chief Financial Officer (CFO),91273.81,2014-10-10
E0313,Carolyn Park,45,Human Resources,Human Resources Manager,61164.07,2024-01-17
E0314,Christopher Bean,56,Human Resources,Recruiter,109829.08,2014-10-28
E0315,Valerie Knight,27,Sales,Account Manager,131533.95,2020-04-18
E0316,Michael Vaughn,30,Marketing,Content Creator,79133.79,2016-02-15
E0317,John Richardson,37,Product Development,Product Manager,94536.22,2015-02-04
E0318,Joe Sims,24,Legal,Paralegal,128612.19,2022-04-30
E0319,Austin Gonzales,34,Human Resources,Human Resources Specialist,143444.01,2017-10-11
E0320,Jane Ferrell,47,Sales,Sales Representative,128547.01,2020-09-06
E0321,Jordan Adams,35,Operations,Quality Assurance Specialist,144868.02,2024-05-28
E0322,Alexandra Hernandez,42,Finance,Financial Analyst,138966.64,2022-05-03
E0323,Linda Smith,53,Customer Service,Customer Service Representative,70451.06,2019-02-15
E0324,Steven Anderson,48,Information Technology (IT),Network Administrator,82662.48,2015-03-25
E0325,Olivia Craig,55,Customer Service,Customer Service Representative,65488.07,2023-05-21
E0326,William Burns,43,Customer Service,Customer Service Representative,110593.39,2022-08-23
E0327,Juan Lee,36,Finance,Chief Financial Officer (CFO),53791.96,2023-07-26
E0328,Kayla Bradford,49,Human Resources,Human Resources Manager,87094.26,2014-08-30
E0329,Edward Graham,46,Product Development,Product Manager,95852.97,2014-08-26
E0330,Alan Gibson,26,Marketing,Marketing Manager,109789.06,2015-01-10
E0331,Jessica Wilson,60,Finance,Chief Financial Officer (CFO),149811.07,2019-12-02
E0332,Michael Schneider,32,Information Technology (IT),Information Technology Manager,94904.88,2020-11-15
E0333,David Harrison,46,Human Resources,Human Resources Specialist,82347.28,2015-08-19
E0334,Tiffany Gordon,41,Customer Service,Customer Service Representative,93097.45,2017-11-19
E0335,Zachary Sellers,39,Marketing,Content Creator,131539.47,2020-05-28
E0336,Raymond Graham,59,Product Development,Product Manager,52970.48,2020-07-08
E0337,Alexander Pena,37,Finance,Financial Analyst,117913.91,2017-04-30
E0338,Sean May,59,Legal,Paralegal,141181.11,2021-12-22
E0339,Christopher Hall,41,Customer Service,Technical Support Specialist,85633.42,2014-12-20
E0340,Thomas Mendoza,35,Human Resources,Human Resources Specialist,100766.2,2015-08-09
E0341,Lisa Nicholson,44,Marketing,Content Creator,86461.22,2017-11-01
E0342,Holly Harvey,32,Human Resources,Human Resources Specialist,93406.97,2020-04-19
E0343,Michelle Bates,50,Product Development,R&D Specialist,106207.33,2019-08-04
E0344,Megan Huerta,31,Sales,Sales Manager,146382.26,2014-11-21
E0345,Jason Turner,51,Product Development,R&D Specialist,148636.72,2019-11-28
E0346,Audrey Larson,34,Product Development,Product Manager,98253.74,2019-09-12
E0347,Sonya Murphy,44,Marketing,Marketing Manager,110332.86,2023-12-04
E0348,Andre Walker,48,Operations,Logistics Coordinator,75731.2,2021-08-19
E0349,Caitlyn Lawrence,30,Information Technology (IT),Information Technology Manager,132540.72,2016-05-07
E0350,Michael Garrison,47,Customer Service,Customer Service Representative,123481.56,2020-12-23
E0351,Janice Boyle,57,Sales,Account Manager,88029.17,2016-01-08
E0352,Mitchell Steele,47,Legal,Paralegal,96670.41,2023-01-05
E0353,Matthew Johnson,28,Sales,Sales Manager,109447.66,2019-11-22
E0354,Janet Wong,48,Product Development,Product Designer,130038.53,2018-05-08
E0355,Jeffrey Nguyen,34,Operations,Quality Assurance Specialist,68728.76,2020-10-07
E0356,Daniel Mathews,54,Marketing,Marketing Manager,105237.92,2020-01-12
E0357,Hannah Campos,27,Customer Service,Customer Service Representative,68884.19,2016-01-29
E0358,Julie Palmer,34,Product Development,R&D Specialist,132732.7,2018-06-11
E0359,Allison Arnold,42,Product Development,Product Manager,93457.96,2018-05-23
E0360,Ashley Oneal,27,Sales,Sales Representative,69053.26,2021-11-15
E0361,Paul Smith,47,Sales,Account Manager,136552.52,2017-01-12
E0362,Anna Berry,35,Operations,Logistics Coordinator,126136.71,2015-04-29
E0363,Jessica Williams,26,Product Development,Product Designer,97682.27,2021-10-08
E0364,Larry Choi,36,Customer Service,Customer Service Representative,142506.28,2023-06-26
E0365,Darryl Jenkins,46,Customer Service,Customer Service Representative,71355.88,2022-11-28
E0366,David Torres,60,Finance,Chief Financial Officer (CFO),136574.44,2019-06-15
E0367,Jonathan Beasley,38,Finance,Financial Analyst,98061.11,2014-08-18
E0368,Christina Thompson MD,59,Information Technology (IT),Software Developer,114226.37,2014-09-07
E0369,Alan Jackson,30,Finance,Financial Analyst,90515.59,2022-02-02
E0370,Mr. Zachary Robinson DDS,53,Customer Service,Technical Support Specialist,135427.25,2017-01-31
E0371,Jermaine Fowler,40,Customer Service,Customer Service Manager,59399.23,2023-07-30
E0372,Valerie Martin,54,Product Development,Product Designer,100958.11,2015-08-02
E0373,Marvin Ramirez,25,Legal,Corporate Lawyer,113043.56,2016-04-23
E0374,Jennifer Patel,49,Sales,Sales Manager,78413.96,2020-04-05
E0375,Cheryl Barajas,42,Operations,Logistics Coordinator,141487.76,2017-07-06
E0376,Paul Butler,30,Human Resources,Human Resources Specialist,80954.04,2018-12-07
E0377,Amy Jackson,33,Legal,Paralegal,82417.52,2020-01-15
E0378,Jared Miller,52,Legal,General Counsel,100044.22,2017-10-19
E0379,Nicholas Hurley,45,Operations,Logistics Coordinator,148432.31,2022-01-09
E0380,Samantha Aguilar DDS,46,Customer Service,Customer Service Manager,119733.16,2023-12-06
E0381,Heather Brady,60,Sales,Sales Manager,112000.12,2021-06-28
E0382,Travis Bray,26,Operations,Logistics Coordinator,63646.75,2018-09-07
E0383,Amber Lewis,27,Customer Service,Customer Service Representative,112041.6,2020-03-06
E0384,Brandon Sims,31,Product Development,R&D Specialist,66051.59,2017-08-13
E0385,Eric Byrd,23,Operations,Logistics Coordinator,94041.14,2016-01-11
E0386,James Washington,54,Finance,Chief Financial Officer (CFO),128356.73,2020-01-06
E0387,Ashley Johnson,38,Information Technology (IT),Information Technology Manager,122693.38,2021-06-26
E0388,Bethany Luna,26,Human Resources,Human Resources Manager,129238.83,2020-10-11
E0389,John Gill,34,Information Technology (IT),Network Administrator,146407.58,2018-07-15
E0390,Suzanne Garrett,40,Information Technology (IT),Software Developer,145326.02,2015-06-28
E0391,Ashley Duffy,36,Sales,Account Manager,117658.1,2016-01-26
E0392,Kimberly Wood,27,Sales,Sales Manager,87939.69,2019-08-21
E0393,Michael Patel,53,Sales,Sales Representative,117932.89,2014-12-28
E0394,Kevin Mitchell,37,Customer Service,Customer Service Manager,89699.24,2019-09-07
E0395,Michael Rice,35,Information Technology (IT),Software Developer,81700.55,2023-01-08
E0396,Chase Potts,57,Marketing,Marketing Manager,149331.0,2017-02-25
E0397,Mr. Calvin Nelson,49,Sales,Account Manager,112226.67,2019-04-18
E0398,Xavier Clark MD,55,Finance,Accountant,72096.04,2020-08-27
E0399,Mckenzie Peterson,33,Operations,Operations Manager,131003.67,2015-02-09
E0400,Amanda Lynch,55,Customer Service,Technical Support Specialist,77499.32,2022-09-05
E0401,Joel Herrera,45,Sales,Sales Representative,125046.41,2021-03-26
E0402,Anthony Hart,49,Customer Service,Technical Support Specialist,90932.86,2023-02-02
E0403,Jason Wilson,40,Information Technology (IT),Software Developer,108871.78,2016-11-27
E0404,Marcus Hamilton,30,Product Development,Product Manager,95890.74,2018-01-17
E0405,Bill Steele,48,Product Development,R&D Specialist,93926.69,2017-07-01
E0406,Donna Wright,60,Operations,Quality Assurance Specialist,59374.28,2020-06-19
E0407,Ashley Vang,55,Product Development,Product Manager,136925.95,2024-06-13
E0408,Kathleen Murphy,42,Legal,General Counsel,132622.03,2022-08-30
E0409,Justin Wood DDS,25,Legal,Paralegal,68882.43,2020-05-17
E0410,Jasmine Fletcher,49,Information Technology (IT),Network Administrator,148244.56,2020-02-12
E0411,Connie Petersen,25,Finance,Financial Analyst,95154.54,2018-06-30
E0412,Nichole Green,28,Customer Service,Customer Service Representative,89349.09,2022-04-01
E0413,Jennifer Suarez,32,Sales,Account Manager,99951.44,2018-02-26
E0414,Robert Wilson,44,Information Technology (IT),Software Developer,130878.67,2016-06-28
E0415,Angela Smith,49,Operations,Quality Assurance Specialist,115880.48,2017-05-26
E0416,Cathy Olsen,59,Information Technology (IT),Network Administrator,82215.26,2021-04-05
E0417,James Reed,25,Sales,Sales Manager,110221.78,2020-06-25
E0418,Brooke Lyons,31,Legal,Paralegal,111249.93,2021-03-24
E0419,Kevin Hart,58,Sales,Sales Manager,149973.43,2021-07-05
E0420,James Cohen,56,Marketing,Marketing Manager,149475.71,2018-08-23
E0421,Tabitha Ayala,22,Marketing,Content Creator,146705.43,2022-04-12
E0422,Ashley Campbell,32,Information Technology (IT),Network Administrator,121916.67,2022-11-08
E0423,Joshua Phillips,27,Operations,Operations Manager,148207.51,2019-02-28
E0424,Daniel Mullins,49,Legal,General Counsel,132235.34,2017-07-18
E0425,David Duffy,57,Customer Service,Technical Support Specialist,68609.84,2023-03-24
E0426,Howard Gregory,22,Customer Service,Technical Support Specialist,80141.04,2021-03-21
E0427,Andrea Gutierrez,48,Operations,Quality Assurance Specialist,84574.76,2021-12-17
E0428,Vickie Ingram,31,Finance,Chief Financial Officer (CFO),138027.98,2019-01-23
E0429,Beth Sanders,25,Finance,Financial Analyst,119578.01,2016-10-28
E0430,James Nelson,36,Product Development,Product Designer,121193.39,2016-01-11
E0431,Todd Nicholson,26,Marketing,Content Creator,65605.11,2020-07-15
E0432,Vincent Rhodes,36,Product Development,Product Designer,84553.63,2020-03-19
E0433,Alexander Brown,43,Information Technology (IT),Software Developer,78915.56,2014-08-03
E0434,Jennifer Lopez,38,Information Technology (IT),Network Administrator,139423.58,2020-05-15
E0435,Teresa Marshall,52,Information Technology (IT),Software Developer,148897.69,2015-08-26
E0436,Mary Campbell,31,Finance,Financial Analyst,76008.2,2014-11-03
E0437,Marcia Mclean,38,Information Technology (IT),Network Administrator,134573.82,2016-05-26
E0438,Ashley Jenkins,55,Finance,Accountant,129197.14,2023-03-20
E0439,Matthew Stokes,49,Marketing,SEO Specialist,99619.17,2017-02-13
E0440,Russell Roberts,56,Product Development,Product Designer,81925.48,2023-09-07
E0441,Andrew Villa,32,Marketing,Content Creator,128279.23,2019-10-06
E0442,James Mullins,46,Finance,Financial Analyst,128495.8,2016-11-05
E0443,Richard Rogers,29,Product Development,Product Manager,99258.43,2019-08-28
E0444,Susan Valencia,26,Finance,Chief Financial Officer (CFO),55964.4,2021-09-13
E0445,Melissa Thompson,38,Sales,Sales Representative,69569.72,2015-12-18
E0446,Jasmine Hoffman,45,Human Resources,Human Resources Specialist,110330.62,2022-08-13
E0447,Angela Boyle,29,Sales,Sales Manager,54882.86,2019-11-06
E0448,Nicole Bowen,46,Human Resources,Human Resources Manager,50591.27,2017-04-15
E0449,Meredith Schroeder,25,Product Development,Product Designer,79826.66,2023-05-04
E0450,Miguel Flores,59,Finance,Chief Financial Officer (CFO),138286.22,2020-04-27
E0451,Henry Brooks,27,Sales,Account Manager,54639.24,2022-02-12
E0452,Kristy Snyder,22,Finance,Chief Financial Officer (CFO),122070.99,2020-12-07
E0453,Julie Griffin,48,Customer Service,Customer Service Representative,68773.75,2017-07-27
E0454,Vicki Arroyo,50,Sales,Account Manager,84397.54,2018-07-12
E0455,Samuel Hoffman,46,Sales,Account Manager,91799.59,2020-05-21
E0456,Michelle Hammond,39,Information Technology (IT),Information Technology Manager,84296.25,2021-08-01
E0457,George Jimenez,40,Customer Service,Customer Service Manager,148824.11,2024-01-17
E0458,Garrett Salazar,30,Legal,General Counsel,74863.39,2020-06-13
E0459,Stephanie Fox,48,Legal,Paralegal,67026.73,2018-12-08
E0460,Kaylee Mack,36,Finance,Financial Analyst,134485.64,2017-01-21
E0461,Justin Baker,56,Human Resources,Human Resources Specialist,137218.99,2019-12-20
E0462,Sherry Taylor,33,Legal,General Counsel,92838.51,2015-10-02
E0463,Isaiah Sanchez,51,Legal,Corporate Lawyer,118971.02,2016-03-06
E0464,Madeline Romero,34,Customer Service,Customer Service Representative,73226.2,2017-03-29
E0465,Patricia Wilson,29,Human Resources,Human Resources Manager,99241.08,2016-05-31
E0466,Randall Giles,26,Finance,Accountant,90630.09,2019-07-10
E0467,John Woods,31,Marketing,SEO Specialist,56332.67,2014-08-13
E0468,Don Paul,41,Product Development,Product Manager,63070.66,2023-04-21
E0469,Andrew Wood,24,Operations,Quality Assurance Specialist,61404.81,2017-04-18
E0470,Karen Morales,50,Marketing,SEO Specialist,92446.5,2021-06-07
E0471,Michael Mcgee,41,Legal,Paralegal,126679.56,2019-07-03
E0472,Melissa Brewer,33,Human Resources,Human Resources Manager,146866.42,2021-06-30
E0473,Mr. Jason Garcia,34,Sales,Account Manager,81953.02,2021-06-25
E0474,Margaret Price,23,Customer Service,Customer Service Manager,122485.68,2014-10-07
E0475,John Harris,56,Product Development,Product Designer,115578.89,2018-10-17
E0476,James Gray,39,Operations,Quality Assurance Specialist,134541.56,2022-06-03
E0477,Mrs. Valerie Reed,34,Information Technology (IT),Information Technology Manager,82729.32,2020-02-29
E0478,Mark Walker,40,Finance,Chief Financial Officer (CFO),89289.34,2020-01-01
E0479,Diana Chen,25,Sales,Sales Manager,51093.17,2015-06-27
E0480,Sandra Hansen,52,Customer Service,Customer Service Manager,120929.11,2019-01-21
E0481,Anne Martinez,43,Product Development,Product Designer,122592.53,2016-12-27
E0482,Kenneth Bates,59,Marketing,SEO Specialist,53916.43,2020-12-14
E0483,Shaun Gillespie,59,Sales,Account Manager,91256.56,2022-08-06
E0484,Jordan Fox,25,Information Technology (IT),Information Technology Manager,76767.23,2024-06-30
E0485,Priscilla Baldwin,47,Legal,Corporate Lawyer,69855.64,2016-11-10
E0486,Heidi English,51,Customer Service,Customer Service Representative,86760.43,2020-05-12
E0487,Tracey Fischer,60,Information Technology (IT),Network Administrator,119092.44,2021-07-29
E0488,Valerie Holt,32,Human Resources,Human Resources Specialist,106729.38,2014-12-19
E0489,Robin King,58,Information Technology (IT),Network Administrator,143349.5,2016-11-13
E0490,Melissa Duncan,45,Legal,General Counsel,50701.48,2023-08-23
E0491,Jerry Galloway,54,Operations,Logistics Coordinator,54006.28,2018-08-11
E0492,Brandon Holden,53,Human Resources,Human Resources Manager,51804.16,2017-06-23
E0493,James Harris,36,Sales,Account Manager,130981.56,2020-07-05
E0494,Steven Finley,47,Finance,Chief Financial Officer (CFO),112034.71,2018-05-27
E0495,Rachel Coleman,36,Human Resources,Human Resources Manager,129023.05,2022-01-12
E0496,Justin Jenkins,46,Marketing,Content Creator,63161.18,2019-12-08
E0497,Donna White,42,Product Development,Product Designer,51996.11,2019-10-01
E0498,Mrs. Jessica Murray,57,Operations,Logistics Coordinator,74982.98,2022-02-20
E0499,Monica Gonzalez,53,Marketing,Content Creator,96710.27,2014-11-19
E0500,Alicia Murray,58,Human Resources,Human Resources Specialist,99673.19,2015-06-10
E0501,Jessica Martin,46,Information Technology (IT),Network Administrator,70126.95,2016-11-30
E0502,Richard Smith,25,Product Development,R&D Specialist,108678.91,2017-12-26
E0503,Margaret Jennings,36,Legal,Corporate Lawyer,137148.84,2024-06-19
E0504,Eileen Smith,22,Customer Service,Technical Support Specialist,130449.5,2016-04-08
E0505,Katherine Morrow,51,Legal,Corporate Lawyer,85469.44,2016-03-03
E0506,Andrew Durham,24,Human Resources,Human Resources Specialist,105781.92,2017-08-03
E0507,Michelle Freeman,38,Marketing,SEO Specialist,90876.55,2014-08-27
E0508,Patrick Smith PhD,45,Marketing,Marketing Manager,62225.5,2017-11-22
E0509,Kari Jones,39,Sales,Sales Representative,108842.77,2015-09-15
E0510,Kathleen Wilson,43,Operations,Logistics Coordinator,99564.83,2024-05-25
E0511,Corey Lawrence,32,Customer Service,Customer Service Representative,141779.95,2020-11-04
E0512,Michelle Espinoza,49,Human Resources,Human Resources Manager,147522.95,2023-09-26
E0513,Amy Adkins,41,Finance,Financial Analyst,96950.51,2017-05-31
E0514,John Page,42,Sales,Sales Manager,116829.82,2020-07-10
E0515,Kristen Abbott,42,Product Development,Product Manager,111968.55,2022-08-07
E0516,Lee Garcia,25,Legal,Paralegal,132076.36,2022-02-09
E0517,Thomas Lee,43,Operations,Logistics Coordinator,143925.95,2020-05-28
E0518,Sean Raymond,27,Finance,Financial Analyst,109182.44,2015-03-05
E0519,Stephen Molina,60,Legal,General Counsel,149869.07,2018-03-31
E0520,Gabriella James,23,Sales,Account Manager,80719.84,2021-10-07
E0521,Jasmine Li,56,Sales,Sales Manager,83039.67,2017-03-01
E0522,Matthew Dixon,31,Product Development,Product Designer,56160.87,2015-07-18
E0523,Linda Owens,42,Marketing,Content Creator,137322.68,2017-03-12
E0524,Sean Becker,50,Operations,Logistics Coordinator,122037.05,2016-08-08
E0525,Kevin Bowers,39,Product Development,Product Manager,110449.69,2020-08-22
E0526,Dale Carter,22,Marketing,SEO Specialist,118146.67,2023-01-30
E0527,Jeffrey Skinner,57,Information Technology (IT),Software Developer,82393.78,2014-10-18
E0528,Robin Joseph,50,Sales,Sales Representative,74959.15,2020-01-30
E0529,Walter Martin,53,Finance,Financial Analyst,69095.61,2021-01-04
E0530,Ashley Becker,34,Sales,Account Manager,82017.4,2018-11-07
E0531,Michelle Foster,42,Operations,Quality Assurance Specialist,78856.83,2015-04-26
E0532,Pamela Copeland,54,Finance,Accountant,95670.7,2021-05-08
E0533,Gary Richardson,39,Marketing,Content Creator,137236.57,2017-09-16
E0534,Lisa Smith,45,Customer Service,Customer Service Manager,100878.37,2018-04-19
E0535,Jacqueline Cordova,46,Finance,Accountant,128195.24,2024-05-10
E0536,Ryan Gibson,32,Sales,Sales Manager,77427.89,2024-06-09
E0537,Kimberly Myers,23,Sales,Account Manager,81302.25,2015-07-12
E0538,Anna Hunter,33,Marketing,Marketing Manager,121557.46,2024-04-28
E0539,Terry Curtis,37,Human Resources,Human Resources Specialist,85663.44,2019-05-31
E0540,Daniel Mosley,32,Marketing,Marketing Manager,97226.87,2019-05-08
E0541,Rebecca Lopez,55,Information Technology (IT),Information Technology Manager,95139.49,2022-08-21
E0542,Laura Chapman,45,Operations,Operations Manager,67351.02,2020-03-27
E0543,Joseph Hill,33,Legal,Paralegal,104827.6,2016-02-14
E0544,Jonathan Wallace,58,Marketing,SEO Specialist,136714.8,2020-06-04
E0545,Monica Brown,50,Customer Service,Technical Support Specialist,60846.76,2022-06-03
E0546,Luis Lin,22,Sales,Sales Representative,90006.33,2015-11-08
E0547,Denise Smith,42,Sales,Sales Representative,128865.71,2022-04-01
E0548,Alexander Luna,48,Customer Service,Customer Service Representative,68826.29,2019-10-11
E0549,Kyle Garcia,24,Customer Service,Customer Service Manager,92575.61,2014-09-27
E0550,Christina Black,37,Human Resources,Recruiter,78923.13,2020-03-31
E0551,Frederick Murphy,53,Marketing,SEO Specialist,54528.44,2020-03-15
E0552,Mariah Perez,60,Information Technology (IT),Network Administrator,130157.65,2014-08-21
E0553,Bruce Lee,50,Finance,Financial Analyst,147409.46,2020-06-11
E0554,Stacy Glenn,38,Product Development,Product Designer,121186.01,2021-02-17
E0555,Malik Hamilton,34,Finance,Accountant,128903.69,2022-01-26
E0556,Douglas Baker,52,Finance,Chief Financial Officer (CFO),57398.81,2020-04-21
E0557,Mr. Brian Richardson,54,Customer Service,Customer Service Representative,129564.51,2024-01-14
E0558,Thomas Hunter,45,Marketing,Marketing Manager,143835.35,2019-09-19
E0559,Paul Smith,40,Operations,Operations Manager,133566.1,2020-07-02
E0560,Kurt Harrison,54,Customer Service,Technical Support Specialist,117395.66,2015-09-04
E0561,Jeffery Jackson,34,Sales,Sales Manager,90958.35,2015-11-04
E0562,Mr. Timothy Hansen,38,Operations,Logistics Coordinator,61814.2,2018-11-09
E0563,Katie Smith,39,Finance,Accountant,97190.26,2021-07-07
E0564,Courtney Taylor,54,Marketing,SEO Specialist,132603.99,2021-05-08
E0565,Elizabeth Mcconnell,44,Operations,Logistics Coordinator,55150.82,2021-05-04
E0566,David Sanchez,52,Marketing,Content Creator,66557.31,2017-03-21
E0567,Troy Lopez,52,Operations,Quality Assurance Specialist,91139.0,2023-06-27
E0568,Theresa Smith,32,Customer Service,Customer Service Manager,68982.37,2020-02-20
E0569,Jeremiah Frazier,26,Customer Service,Customer Service Manager,114046.13,2024-06-29
E0570,Jacob Carter,28,Human Resources,Human Resources Specialist,90534.89,2016-05-01
E0571,Mark Sharp,47,Marketing,Marketing Manager,100796.76,2024-04-23
E0572,Robert Dorsey,53,Human Resources,Human Resources Manager,63565.83,2017-05-22
E0573,Heather Roman,26,Information Technology (IT),Software Developer,64615.8,2016-07-30
E0574,Heather Hunter,27,Sales,Account Manager,57019.15,2015-05-10
E0575,Michael Griffin,54,Legal,Corporate Lawyer,113953.82,2023-01-10
E0576,Tammy Anderson,52,Finance,Accountant,89025.7,2020-11-24
E0577,Robert Walker,29,Sales,Sales Manager,143017.94,2020-12-04
E0578,Margaret Martinez,27,Sales,Sales Representative,93119.8,2015-10-24
E0579,Vickie Lee,46,Human Resources,Human Resources Specialist,78960.94,2023-01-17
E0580,Dylan Martin,32,Operations,Logistics Coordinator,70755.35,2018-03-29
E0581,Regina Thompson,40,Legal,Corporate Lawyer,80486.28,2020-01-17
E0582,Kenneth Griffith,57,Sales,Sales Manager,91855.85,2016-11-11
E0583,Shelly Sanchez,39,Legal,Paralegal,62082.32,2019-07-19
E0584,Ryan Barry,51,Product Development,R&D Specialist,52824.91,2017-12-15
E0585,Isaac Harris,29,Legal,Corporate Lawyer,129812.86,2022-07-08
E0586,Christopher Castro,40,Product Development,Product Manager,141820.25,2023-07-21
E0587,Casey Lee,57,Sales,Sales Manager,123540.1,2014-12-17
E0588,Daniel Cook,54,Marketing,SEO Specialist,61737.13,2018-03-03
E0589,David Henry,53,Information Technology (IT),Software Developer,94308.26,2017-03-30
E0590,Mary Walters,48,Marketing,SEO Specialist,56472.89,2021-03-10
E0591,Donna King,41,Finance,Accountant,130800.8,2018-11-20
E0592,Sonya Martinez,35,Legal,Corporate Lawyer,52423.79,2019-10-22
E0593,Philip Rowe,45,Finance,Chief Financial Officer (CFO),54456.73,2021-02-11
E0594,Julie Strickland,23,Legal,Paralegal,96231.03,2024-07-20
E0595,Rebecca Osborne,58,Human Resources,Recruiter,139690.3,2024-06-07
E0596,Sarah Haas,28,Operations,Operations Manager,84690.91,2016-05-04
E0597,Thomas Garcia,42,Legal,Paralegal,65459.25,2017-10-11
E0598,James Scott,26,Legal,Paralegal,132502.84,2016-04-05
E0599,Heidi Ochoa,26,Human Resources,Human Resources Manager,121603.25,2019-01-13
E0600,Jennifer Cortez,51,Product Development,Product Designer,119497.34,2020-10-21
E0601,Kayla Gomez,55,Marketing,SEO Specialist,97014.58,2015-11-14
E0602,Jordan Washington,55,Marketing,Content Creator,98266.49,2019-04-13
E0603,Matthew Hall,54,Legal,Paralegal,114273.19,2016-12-23
E0604,Kevin Guzman,46,Sales,Account Manager,145752.61,2021-08-26
E0605,Leslie Griffin,50,Legal,General Counsel,105702.94,2021-10-30
E0606,Brittany Webb,57,Finance,Chief Financial Officer (CFO),63727.29,2023-08-17
E0607,Lisa Foster,57,Customer Service,Customer Service Manager,146467.27,2019-06-06
E0608,Jared Willis,30,Marketing,SEO Specialist,50263.93,2018-01-12
E0609,Rebecca Anderson,35,Customer Service,Customer Service Manager,139079.56,2021-08-15
E0610,Nancy Pruitt,34,Marketing,Content Creator,144674.98,2023-01-16
E0611,Rachel Dougherty,57,Sales,Sales Manager,78694.38,2017-05-08
E0612,Dawn Knight,45,Customer Service,Technical Support Specialist,96122.84,2017-04-25
E0613,Jacob Hoffman,46,Customer Service,Technical Support Specialist,126260.19,2020-02-29
E0614,Keith Graves,55,Legal,Corporate Lawyer,88586.01,2022-07-19
E0615,Dwayne Martin,27,Product Development,Product Designer,145045.48,2016-01-03
E0616,Anna Holden,58,Human Resources,Human Resources Specialist,106932.55,2014-12-12
E0617,Robert White,49,Legal,Paralegal,64291.64,2024-07-26
E0618,Amy Petty,26,Customer Service,Technical Support Specialist,105027.7,2021-08-05
E0619,Andre Hardy,44,Information Technology (IT),Software Developer,109236.87,2018-04-03
E0620,Allen Williams DVM,53,Sales,Account Manager,140034.93,2018-03-16
E0621,Scott Jones,56,Legal,Corporate Lawyer,124026.99,2023-07-04
E0622,Vanessa Harper,29,Human Resources,Human Resources Manager,141494.96,2024-04-17
E0623,James Douglas,36,Human Resources,Recruiter,149078.0,2021-02-06
E0624,Jennifer Silva,26,Customer Service,Technical Support Specialist,65227.96,2020-02-20
E0625,Wendy Reyes,42,Marketing,Marketing Manager,76173.6,2023-08-07
E0626,Eric Owens,37,Marketing,SEO Specialist,129282.37,2014-11-20
E0627,Bobby Walker,39,Finance,Chief Financial Officer (CFO),127977.17,2020-06-03
E0628,Rebecca Gould,55,Sales,Account Manager,148256.37,2018-09-15
E0629,Kimberly Gibson,38,Marketing,Marketing Manager,109761.8,2022-06-06
E0630,John Moore,45,Product Development,Product Designer,65875.26,2015-11-30
E0631,Dawn Howell,46,Sales,Sales Representative,89922.82,2019-06-09
E0632,Donald Wheeler,42,Finance,Financial Analyst,77274.26,2015-10-07
E0633,Dennis Fox,22,Information Technology (IT),Network Administrator,70733.33,2018-02-25
E0634,Cynthia Smith,55,Product Development,Product Manager,50870.66,2024-05-29
E0635,Dwayne Allen,55,Information Technology (IT),Information Technology Manager,91981.93,2019-08-20
E0636,Gina Garcia,31,Customer Service,Technical Support Specialist,90869.69,2016-09-19
E0637,Collin Smith,31,Customer Service,Customer Service Manager,68494.31,2020-09-29
E0638,Joe Moss,30,Human Resources,Human Resources Manager,100678.86,2014-09-17
E0639,Adam Wall,29,Operations,Logistics Coordinator,130518.09,2018-08-02
E0640,Mr. Nicholas Ward,25,Operations,Quality Assurance Specialist,81917.58,2023-04-22
E0641,Angelica Woodard,32,Information Technology (IT),Software Developer,98090.63,2018-06-18
E0642,Stephanie Acosta,45,Customer Service,Technical Support Specialist,83460.49,2021-07-28
E0643,Andre Zimmerman,24,Human Resources,Human Resources Manager,59895.08,2014-12-04
E0644,Joseph Edwards,57,Human Resources,Human Resources Manager,84512.37,2017-01-12
E0645,Edward Chavez,52,Marketing,SEO Specialist,73337.68,2019-12-23
E0646,Victoria Calderon,25,Information Technology (IT),Information Technology Manager,93127.99,2022-08-31
E0647,Craig Perez,38,Marketing,Content Creator,95105.73,2022-08-21
E0648,Paula Vargas,33,Information Technology (IT),Software Developer,109488.85,2018-01-28
E0649,Robert Contreras,56,Legal,Corporate Lawyer,59145.45,2018-01-18
E0650,Mrs. Brittany Smith,38,Customer Service,Customer Service Representative,94203.13,2023-09-05
E0651,Kevin Torres,26,Marketing,Marketing Manager,121226.81,2022-05-10
E0652,Kristin Matthews,36,Legal,Paralegal,101792.49,2020-09-23
E0653,Christopher Dennis,43,Marketing,Marketing Manager,68727.26,2015-09-01
E0654,Cory Mcbride,42,Product Development,Product Manager,53014.18,2018-10-10
E0655,Dennis Holder,60,Information Technology (IT),Network Administrator,86539.05,2023-06-30
E0656,Shari Cummings,27,Human Resources,Human Resources Specialist,70478.93,2017-07-31
E0657,Jonathan Morales,59,Legal,Paralegal,118476.65,2022-06-01
E0658,Heather Pineda,25,Sales,Sales Manager,130063.5,2015-05-01
E0659,Maria Patel,31,Finance,Financial Analyst,142960.08,2023-01-10
E0660,Ashlee Barnes,33,Customer Service,Customer Service Manager,146357.87,2017-03-14
E0661,Tara Ortiz,28,Product Development,Product Designer,115822.07,2018-04-13
E0662,Juan Green,35,Finance,Chief Financial Officer (CFO),123611.44,2023-01-12
E0663,Lisa Johnson,27,Finance,Chief Financial Officer (CFO),103062.97,2023-12-16
E0664,Kim Jacobs,50,Operations,Operations Manager,92012.48,2018-01-10
E0665,Harry Carter,60,Product Development,R&D Specialist,64698.08,2020-05-20
E0666,James Elliott,39,Operations,Logistics Coordinator,74063.07,2018-10-02
E0667,Raymond Mason,24,Information Technology (IT),Software Developer,58017.88,2022-02-09
E0668,Russell Taylor,47,Operations,Operations Manager,92972.57,2016-05-22
E0669,Christopher Baker,22,Legal,Corporate Lawyer,68434.25,2022-01-03
E0670,Brandon Smith,27,Finance,Accountant,149091.44,2022-03-03
E0671,David Rivers,42,Finance,Accountant,99879.23,2023-10-01
E0672,Johnny Sharp,41,Legal,Corporate Lawyer,69054.32,2014-09-28
E0673,Brittany Williams,22,Information Technology (IT),Software Developer,69487.41,2023-12-25
E0674,Jessica Sanchez,55,Operations,Logistics Coordinator,84378.5,2019-03-13
E0675,Jessica Morris,38,Human Resources,Recruiter,97178.57,2022-10-21
E0676,Robert Johnson,29,Human Resources,Human Resources Manager,148131.22,2020-09-23
E0677,Jennifer Stephenson,23,Product Development,Product Manager,125998.89,2020-10-02
E0678,Thomas Owen,22,Information Technology (IT),Software Developer,140881.42,2021-02-14
E0679,Crystal Chambers,47,Human Resources,Human Resources Manager,136160.1,2022-09-01
E0680,Melissa Huerta,30,Human Resources,Recruiter,76843.79,2016-10-02
E0681,Angela Nguyen,54,Marketing,SEO Specialist,95268.61,2018-06-03
E0682,Candace Miller,55,Legal,Corporate Lawyer,77198.96,2021-10-07
E0683,Christopher Lee,36,Sales,Account Manager,119067.91,2020-09-28
E0684,Christie Nguyen,42,Information Technology (IT),Network Administrator,146116.65,2019-10-18
E0685,Juan Snyder,32,Human Resources,Human Resources Manager,63257.32,2020-07-28
E0686,April Barker,36,Human Resources,Human Resources Specialist,95842.92,2017-02-24
E0687,Judy Sanchez,55,Information Technology (IT),Software Developer,147077.44,2019-03-13
E0688,Gregory Lowery,33,Legal,General Counsel,91691.64,2022-12-25
E0689,Emily Smith,55,Sales,Sales Manager,139694.49,2020-04-05
E0690,Nicholas Meyer,39,Customer Service,Customer Service Manager,99937.87,2021-04-04
E0691,Kyle Smith,39,Customer Service,Customer Service Representative,63138.51,2020-04-14
E0692,Aaron Terry,54,Finance,Accountant,107518.43,2016-09-28
E0693,Martha Fuentes,59,Operations,Operations Manager,148726.9,2024-02-09
E0694,Kayla Davis,39,Legal,Corporate Lawyer,63049.21,2021-11-08
E0695,Oscar Tran,27,Marketing,SEO Specialist,125265.07,2022-10-28
E0696,Courtney Sosa,55,Marketing,Marketing Manager,85640.26,2019-12-02
E0697,Amy Wilkins PhD,38,Operations,Logistics Coordinator,106999.69,2021-01-09
E0698,Alison Brown,22,Sales,Account Manager,137288.42,2023-04-21
E0699,Robert Garcia,53,Marketing,SEO Specialist,51012.25,2022-05-16
E0700,Robert Owens,57,Product Development,Product Manager,87912.32,2015-03-23
E0701,Mr. Christopher Mccoy,55,Sales,Account Manager,142311.74,2017-04-13
E0702,Pamela Adams,26,Marketing,Content Creator,73899.78,2021-09-01
E0703,Kenneth Bennett,39,Marketing,Content Creator,115729.57,2019-05-11
E0704,Albert Miller,43,Operations,Quality Assurance Specialist,132135.43,2017-03-07
E0705,Lauren Mason,42,Sales,Sales Manager,72643.49,2017-07-24
E0706,Amanda Walsh,34,Legal,Paralegal,125280.3,2023-07-30
E0707,Cameron Spencer,51,Sales,Account Manager,119935.32,2018-03-21
E0708,Rebecca Figueroa DDS,32,Customer Service,Customer Service Manager,126207.04,2020-02-01
E0709,Jacob Cantu,53,Customer Service,Technical Support Specialist,106791.72,2018-04-09
E0710,Jennifer Mcclure,24,Sales,Sales Representative,137367.0,2015-09-03
E0711,Paul Waters,26,Finance,Accountant,139404.35,2017-10-11
E0712,Sarah Brown,34,Sales,Account Manager,57661.89,2019-09-26
E0713,Mason Glass,39,Information Technology (IT),Software Developer,81889.79,2019-11-28
E0714,Lisa Buck,27,Customer Service,Customer Service Representative,70674.76,2021-11-22
E0715,Lisa Moreno,33,Customer Service,Technical Support Specialist,73571.04,2016-02-20
E0716,Kendra Jones,60,Information Technology (IT),Information Technology Manager,52841.56,2024-02-26
E0717,Joseph Carey,57,Information Technology (IT),Information Technology Manager,51422.9,2015-07-19
E0718,Richard Miller,44,Marketing,Content Creator,121258.78,2015-05-07
E0719,Robert Church,50,Information Technology (IT),Information Technology Manager,101304.64,2017-07-07
E0720,Eric Nunez,26,Sales,Sales Manager,65249.81,2024-04-11
E0721,Joseph Villanueva,36,Information Technology (IT),Network Administrator,100450.53,2020-04-03
E0722,Sarah Anderson,31,Customer Service,Customer Service Manager,145099.23,2021-04-23
E0723,Sherri Campbell,57,Finance,Accountant,95011.71,2018-07-08
E0724,Nicole Martin,58,Finance,Accountant,76449.6,2024-03-24
E0725,Mrs. Anna Smith,41,Operations,Logistics Coordinator,108019.44,2022-05-30
E0726,Jennifer Diaz,55,Sales,Sales Manager,130321.67,2021-03-18
E0727,Rhonda Young,41,Customer Service,Technical Support Specialist,54445.87,2019-07-20
E0728,Kelly Burns,57,Information Technology (IT),Network Administrator,148216.04,2015-06-06
E0729,Carla Bryan,26,Customer Service,Customer Service Manager,69840.97,2021-10-13
E0730,Michael Jones,51,Legal,Paralegal,86872.48,2015-03-05
E0731,Wendy Anderson,29,Finance,Chief Financial Officer (CFO),94999.47,2021-01-14
E0732,Timothy Goodman,56,Human Resources,Human Resources Manager,113184.77,2017-12-03
E0733,Jennifer Bradley,28,Human Resources,Recruiter,76130.1,2019-04-26
E0734,Maria Kelly,35,Product Development,Product Designer,64761.52,2024-06-06
E0735,Dawn Reyes,31,Legal,Corporate Lawyer,106187.85,2017-03-22
E0736,Kenneth Newton,46,Legal,Paralegal,124387.98,2021-11-16
E0737,Adrian Green,50,Legal,Corporate Lawyer,85248.64,2017-10-14
E0738,Rachel Carter,27,Product Development,R&D Specialist,50964.18,2014-10-20
E0739,Roy Rodriguez,42,Operations,Logistics Coordinator,91482.73,2015-08-13
E0740,Morgan Green,60,Operations,Logistics Coordinator,66135.42,2020-01-19
E0741,Brian Buck,60,Legal,Paralegal,146483.49,2016-10-04
E0742,Melissa Adams,55,Information Technology (IT),Software Developer,125055.71,2020-05-13
E0743,James King,29,Sales,Sales Manager,53137.02,2016-05-03
E0744,Dr. Joseph Anderson MD,59,Sales,Account Manager,136697.24,2019-02-06
E0745,Christina Richardson,23,Product Development,Product Manager,143069.67,2022-12-16
E0746,Jeffrey Butler,32,Sales,Sales Representative,55696.44,2020-02-08
E0747,Brittney Hull,58,Information Technology (IT),Information Technology Manager,76967.12,2020-02-03
E0748,Kylie Jackson,32,Sales,Sales Manager,75683.48,2021-07-18
E0749,Kari Miranda,45,Human Resources,Recruiter,105161.13,2019-01-26
E0750,Drew Mckinney,39,Sales,Sales Representative,125503.82,2015-08-14
E0751,Erika Ray,58,Finance,Financial Analyst,117221.2,2016-08-10
E0752,Nicole Walls,31,Sales,Sales Manager,92825.48,2022-01-03
E0753,James Russo,24,Operations,Logistics Coordinator,83011.34,2016-03-01
E0754,Annette Singleton,31,Customer Service,Customer Service Representative,123097.97,2018-09-18
E0755,Sabrina Patel,39,Legal,General Counsel,56208.98,2018-08-14
E0756,George Chase,31,Sales,Account Manager,91209.47,2024-01-14
E0757,Christopher Walls,30,Operations,Quality Assurance Specialist,121641.44,2019-12-15
E0758,Kevin Grimes DDS,29,Finance,Financial Analyst,84773.77,2015-08-06
E0759,Kelly Sanchez,27,Legal,General Counsel,136980.49,2016-01-10
E0760,Elizabeth Ward,35,Product Development,Product Designer,136991.23,2022-04-22
E0761,Craig Williams,28,Marketing,Marketing Manager,50916.66,2018-07-12
E0762,Sandra Stone,39,Product Development,Product Manager,53770.81,2023-02-18
E0763,Randy Porter,36,Information Technology (IT),Information Technology Manager,72628.25,2022-08-09
E0764,Candice Baird,25,Legal,Paralegal,149994.08,2024-03-22
E0765,John Greene,42,Human Resources,Human Resources Manager,132487.13,2017-06-10
E0766,Kyle Jackson,36,Customer Service,Customer Service Manager,143243.68,2024-04-19
E0767,Melissa Phelps,50,Product Development,Product Designer,86579.35,2016-09-20
E0768,James Smith,22,Sales,Account Manager,73530.0,2018-12-24
E0769,Gregory Young,31,Legal,Corporate Lawyer,62763.27,2021-03-29
E0770,Scott Clay,35,Customer Service,Technical Support Specialist,142512.81,2016-07-24
E0771,Curtis Valencia,56,Finance,Accountant,78744.12,2015-08-21
E0772,Tom Sanchez,29,Marketing,Marketing Manager,54854.24,2017-02-02
E0773,Ashley Jenkins,32,Sales,Sales Representative,141031.91,2020-09-15
E0774,Robert Walsh,56,Marketing,SEO Specialist,96203.76,2017-04-10
E0775,Brandy Turner,59,Sales,Account Manager,141159.75,2014-12-03
E0776,Vanessa Noble,59,Product Development,Product Manager,125453.01,2021-07-17
E0777,Tina Dawson,23,Finance,Financial Analyst,72191.25,2023-04-20
E0778,Morgan Brown,33,Legal,General Counsel,132033.67,2023-04-26
E0779,Matthew Moore,37,Marketing,SEO Specialist,71527.6,2017-11-05
E0780,Nicholas Brady,52,Product Development,R&D Specialist,59476.22,2019-03-28
E0781,Cynthia Gonzalez,59,Human Resources,Recruiter,69590.31,2021-10-26
E0782,Marcus Gould,55,Sales,Sales Manager,128844.9,2022-10-12
E0783,Stanley Armstrong,50,Sales,Account Manager,143252.07,2017-07-02
E0784,Samantha Lee,45,Operations,Quality Assurance Specialist,93514.39,2024-07-14
E0785,Richard Castillo,34,Product Development,R&D Specialist,132488.08,2022-12-21
E0786,Andrea Ward,31,Legal,General Counsel,71531.03,2021-09-17
E0787,Adam King PhD,36,Customer Service,Technical Support Specialist,62096.95,2019-06-29
E0788,Holly Cook,25,Legal,Corporate Lawyer,102658.96,2018-11-22
E0789,Brandi Anderson,36,Product Development,Product Manager,73267.21,2024-05-21
E0790,Richard Vincent,53,Finance,Chief Financial Officer (CFO),149309.51,2015-12-30
E0791,Debra Coleman,51,Human Resources,Human Resources Specialist,54442.63,2017-08-22
E0792,Charles Baird,46,Finance,Accountant,122926.16,2016-04-08
E0793,Heather Cain,53,Operations,Logistics Coordinator,50694.61,2019-07-25
E0794,Kenneth Barnes,33,Sales,Sales Representative,60509.6,2019-12-21
E0795,Wyatt Vasquez,53,Customer Service,Technical Support Specialist,90205.26,2022-10-24
E0796,Andrew Baker,28,Information Technology (IT),Network Administrator,88827.46,2023-03-05
E0797,Alvin Young,45,Human Resources,Human Resources Specialist,96187.67,2020-05-27
E0798,Alyssa Johnson,60,Sales,Sales Manager,77152.61,2021-04-03
E0799,Joshua Parker,59,Sales,Sales Manager,124682.79,2023-09-14
E0800,Ann Doyle,53,Human Resources,Recruiter,54289.28,2017-11-19
E0801,Matthew Cordova,46,Human Resources,Recruiter,50233.19,2022-10-10
E0802,Mark Donaldson,26,Human Resources,Recruiter,119104.13,2014-08-06
E0803,Jonathan Castillo,39,Legal,Paralegal,133800.03,2015-10-12
E0804,Dr. Joshua Cook,26,Finance,Chief Financial Officer (CFO),86684.17,2017-08-09
E0805,Vanessa Jones,23,Human Resources,Human Resources Specialist,103186.26,2016-10-31
E0806,Lisa Harrell,33,Finance,Financial Analyst,101871.1,2018-06-03
E0807,Robert Dunn,29,Product Development,R&D Specialist,131141.22,2015-08-07
E0808,Rachel Callahan,52,Information Technology (IT),Information Technology Manager,138093.17,2016-02-16
E0809,Kenneth Reyes,27,Operations,Logistics Coordinator,88620.91,2017-10-08
E0810,Katherine Waters,47,Marketing,Marketing Manager,98434.19,2020-05-27
E0811,Kathryn Campbell,42,Customer Service,Technical Support Specialist,93165.88,2021-12-26
E0812,Matthew Morrow,38,Sales,Account Manager,94722.48,2021-05-13
E0813,Paul Richardson,27,Information Technology (IT),Information Technology Manager,105558.26,2020-12-04
E0814,Hayden Holmes,32,Sales,Account Manager,114249.05,2022-04-25
E0815,Renee Sullivan,48,Operations,Logistics Coordinator,59583.25,2019-05-01
E0816,Tony Butler,51,Product Development,Product Designer,113111.95,2015-09-23
E0817,Dr. Beth Velazquez,36,Information Technology (IT),Network Administrator,54323.47,2024-06-14
E0818,Jonathan Patterson,27,Marketing,SEO Specialist,71455.19,2015-05-19
E0819,Kristin Price DVM,58,Information Technology (IT),Network Administrator,123914.34,2022-05-11
E0820,Robert Hoover,48,Legal,Corporate Lawyer,72721.43,2016-10-29
E0821,Joseph Little,22,Customer Service,Customer Service Manager,74338.76,2019-07-03
E0822,John Morgan DDS,57,Sales,Sales Representative,56518.65,2023-08-02
E0823,Alyssa Phillips,34,Product Development,Product Manager,61151.98,2017-04-14
E0824,Clarence Schmidt,40,Operations,Operations Manager,128873.14,2018-12-21
E0825,Clinton Thompson,28,Sales,Sales Representative,100380.86,2021-10-30
E0826,Victoria Mcintosh,57,Legal,General Counsel,82028.36,2023-01-14
E0827,Michael Moore,37,Customer Service,Customer Service Manager,70107.17,2015-02-03
E0828,Christopher Buck,22,Marketing,Marketing Manager,82627.76,2015-01-21
E0829,Andrew Collins,40,Sales,Sales Manager,81616.53,2018-01-18
E0830,Brandi Medina,49,Product Development,R&D Specialist,59557.31,2022-12-27
E0831,Cynthia Newman,42,Human Resources,Recruiter,109212.9,2016-11-12
E0832,Tyler Johnson,56,Customer Service,Technical Support Specialist,57003.95,2019-08-15
E0833,Adam Munoz,39,Product Development,R&D Specialist,97851.17,2016-11-19
E0834,Scott Nixon,60,Customer Service,Customer Service Representative,101480.56,2020-10-02
E0835,Michelle Tate,55,Customer Service,Customer Service Representative,82522.83,2016-11-04
E0836,Brian Haney,29,Marketing,Content Creator,96074.8,2015-10-13
E0837,Mark Martin,55,Information Technology (IT),Information Technology Manager,117776.16,2017-06-28
E0838,Jordan Day,56,Sales,Sales Representative,109587.25,2019-09-25
E0839,Joseph Horn,32,Operations,Quality Assurance Specialist,75194.73,2015-06-19
E0840,Savannah Byrd,48,Marketing,SEO Specialist,69444.28,2023-08-09
E0841,Brian Lopez DDS,56,Sales,Sales Manager,50293.53,2021-04-05
E0842,Mark Pittman,38,Information Technology (IT),Software Developer,102176.14,2022-06-24
E0843,Alvin Reid,25,Sales,Account Manager,104046.03,2020-07-11
E0844,Thomas Webb,44,Product Development,Product Manager,69465.45,2023-07-20
E0845,John Franklin,60,Finance,Accountant,116019.27,2023-11-04
E0846,Melanie Payne,23,Legal,General Counsel,53685.48,2021-07-07
E0847,Amy Holloway,40,Human Resources,Human Resources Manager,69984.78,2019-01-22
E0848,Christy Murillo,56,Customer Service,Customer Service Manager,79467.02,2023-01-04
E0849,Michelle Harvey,44,Sales,Sales Representative,142100.89,2017-10-16
E0850,Timothy Espinoza,53,Customer Service,Technical Support Specialist,73674.15,2019-11-07
E0851,Cathy Rollins,34,Human Resources,Human Resources Manager,93928.56,2019-10-17
E0852,Veronica Baker,34,Operations,Logistics Coordinator,111954.52,2016-05-30
E0853,Veronica Vazquez,28,Product Development,Product Manager,97419.18,2019-11-25
E0854,Jim Phillips,48,Finance,Chief Financial Officer (CFO),61966.12,2018-11-17
E0855,Amanda Hatfield,50,Finance,Accountant,100032.34,2021-02-01
E0856,Ronald Clark,41,Human Resources,Recruiter,76950.81,2019-01-06
E0857,Luis Matthews,24,Operations,Operations Manager,142801.55,2015-02-01
E0858,Patrick Clark,39,Sales,Sales Representative,67758.99,2023-01-19
E0859,Sarah Oneal,53,Finance,Accountant,129713.39,2018-08-09
E0860,Carolyn Andrade DDS,31,Marketing,SEO Specialist,85610.65,2016-02-05
E0861,Kevin Mendoza,38,Human Resources,Human Resources Manager,116819.99,2018-09-04
E0862,Courtney Riley,36,Sales,Account Manager,54214.08,2020-09-23
E0863,Christopher Thomas,39,Legal,Paralegal,112839.81,2018-07-01
E0864,Michael Benson,33,Finance,Chief Financial Officer (CFO),79499.49,2017-03-26
E0865,Susan Spencer,23,Finance,Chief Financial Officer (CFO),59691.2,2023-06-22
E0866,Mark Martin,40,Product Development,Product Manager,70746.19,2017-12-26
E0867,Caleb Black,23,Sales,Account Manager,67499.37,2019-02-11
E0868,Leonard Salinas,36,Information Technology (IT),Software Developer,98597.35,2019-07-26
E0869,Daisy Mosley,34,Sales,Sales Manager,65418.96,2016-07-16
E0870,Teresa Villanueva,35,Human Resources,Recruiter,58611.3,2022-01-28
E0871,Alexandra Hernandez,31,Product Development,R&D Specialist,97060.41,2017-01-06
E0872,Justin Weiss,43,Finance,Financial Analyst,140552.61,2015-03-21
E0873,Rodney Davis,30,Human Resources,Human Resources Specialist,61798.45,2014-09-01
E0874,Diana Vega,50,Sales,Account Manager,132194.77,2015-08-13
E0875,Kevin West,32,Product Development,Product Designer,112327.22,2024-07-18
E0876,Nicole Kerr,39,Human Resources,Human Resources Specialist,98911.48,2024-06-21
E0877,William Long Jr.,34,Finance,Chief Financial Officer (CFO),66110.75,2016-08-17
E0878,Michael Acevedo,43,Marketing,Content Creator,101476.79,2020-03-12
E0879,Robert Olson Jr.,48,Sales,Sales Manager,131819.8,2022-05-26
E0880,Erica Gonzalez MD,53,Finance,Financial Analyst,77960.99,2023-09-24
E0881,Michelle Powers,42,Product Development,Product Designer,76970.88,2015-08-14
E0882,Cristina Cooper,35,Finance,Financial Analyst,99759.78,2021-11-12
E0883,Stephen Cruz,26,Legal,Paralegal,139744.77,2015-04-12
E0884,Oscar Pitts,22,Sales,Sales Manager,126880.62,2021-06-26
E0885,Michael Torres,27,Product Development,R&D Specialist,130946.69,2016-01-26
E0886,Laura Berg,51,Legal,Paralegal,96174.12,2021-09-05
E0887,Andres Villa,37,Information Technology (IT),Information Technology Manager,126994.44,2019-03-05
E0888,Nicole Martin,25,Marketing,Marketing Manager,55483.17,2016-04-18
E0889,Henry Monroe,57,Customer Service,Customer Service Manager,123598.16,2016-01-18
E0890,Larry Owens,31,Human Resources,Human Resources Specialist,100494.05,2021-04-11
E0891,Eric Fuentes,29,Operations,Operations Manager,93480.66,2016-03-12
E0892,Anna Benson,48,Sales,Sales Representative,57179.22,2017-12-29
E0893,Linda Griffin,38,Operations,Quality Assurance Specialist,116329.69,2019-10-17
E0894,Henry Moon,53,Customer Service,Customer Service Representative,60714.18,2016-02-01
E0895,Brian Riddle,58,Operations,Quality Assurance Specialist,62447.89,2017-12-12
E0896,Richard Bradley,56,Sales,Sales Manager,122079.06,2019-04-07
E0897,Donald Phillips,36,Information Technology (IT),Software Developer,58071.73,2014-08-03
E0898,Mike Green,51,Information Technology (IT),Network Administrator,117996.82,2017-10-01
E0899,Sonia Terry,33,Legal,Corporate Lawyer,84288.25,2022-01-25
E0900,Jeffrey Henry,53,Legal,General Counsel,58767.59,2020-01-19
E0901,Cody Parker,32,Product Development,Product Manager,90154.44,2023-07-21
E0902,Jacqueline Buchanan,43,Operations,Operations Manager,72376.3,2015-12-08
E0903,Daniel Holmes,45,Sales,Account Manager,131630.98,2022-12-18
E0904,Jeffrey Weaver,38,Information Technology (IT),Software Developer,85330.37,2017-09-28
E0905,Chelsea Delgado,42,Customer Service,Customer Service Manager,126432.43,2016-05-06
E0906,Michele Mason,60,Legal,Paralegal,89786.65,2019-05-01
E0907,Matthew Leonard,23,Information Technology (IT),Information Technology Manager,61974.61,2021-12-30
E0908,Tabitha Gordon,42,Marketing,Marketing Manager,104318.62,2024-04-11
E0909,Michelle Smith,46,Human Resources,Recruiter,125004.83,2024-05-21
E0910,Sarah Burton,42,Customer Service,Customer Service Representative,55378.76,2018-03-19
E0911,James Christian,46,Information Technology (IT),Software Developer,65494.71,2018-10-04
E0912,Daniel Perez,34,Legal,Paralegal,99603.54,2023-03-22
E0913,Tammy Riley,39,Sales,Sales Manager,51847.11,2018-11-14
E0914,Evan Jordan,50,Customer Service,Customer Service Manager,58519.03,2016-01-06
E0915,Joshua Murray,58,Operations,Quality Assurance Specialist,86556.49,2019-07-14
E0916,Sheila Ortiz,26,Information Technology (IT),Software Developer,124074.85,2022-10-20
E0917,Heather Klein,37,Product Development,R&D Specialist,79048.21,2024-04-07
E0918,Anne Poole,45,Finance,Financial Analyst,51267.83,2016-08-05
E0919,Richard Boyd MD,45,Customer Service,Technical Support Specialist,110431.4,2023-03-04
E0920,William Rich,26,Product Development,R&D Specialist,64963.09,2024-02-11
E0921,Andrew Ballard,36,Human Resources,Recruiter,84625.33,2017-01-10
E0922,Jon Mitchell,56,Finance,Chief Financial Officer (CFO),113969.27,2024-07-16
E0923,Linda Kelly,41,Information Technology (IT),Network Administrator,101505.43,2017-02-03
E0924,Chelsea Brooks,43,Finance,Accountant,56093.8,2020-11-23
E0925,Cindy Herring,25,Product Development,Product Designer,74593.74,2020-06-20
E0926,Lauren Diaz,48,Marketing,Content Creator,88431.34,2023-11-17
E0927,Christopher Lopez,44,Legal,Corporate Lawyer,107746.26,2023-04-21
E0928,Christopher Weeks,22,Sales,Account Manager,104067.03,2022-09-23
E0929,Maureen Mcdonald,60,Operations,Operations Manager,143126.85,2019-01-03
E0930,Christopher Walker,32,Finance,Financial Analyst,142553.8,2016-10-10
E0931,Daniel Rice,54,Sales,Sales Representative,90965.12,2016-02-21
E0932,Alison Young,29,Operations,Quality Assurance Specialist,128673.17,2014-12-08
E0933,Amy Cunningham,38,Sales,Account Manager,55361.15,2016-05-28
E0934,Craig Hopkins,23,Operations,Logistics Coordinator,63499.57,2018-11-28
E0935,Miranda Taylor,37,Customer Service,Technical Support Specialist,64308.51,2015-09-03
E0936,Corey Stephens,29,Sales,Sales Manager,96453.74,2020-09-06
E0937,Maurice Kennedy,50,Human Resources,Recruiter,124570.97,2017-07-24
E0938,Dr. Bruce Brown,40,Product Development,Product Designer,66443.94,2023-11-18
E0939,Robert Jones DDS,45,Customer Service,Technical Support Specialist,121354.56,2022-11-10
E0940,Erik Jones,36,Human Resources,Human Resources Manager,110791.72,2019-06-28
E0941,Ashley Huber,58,Information Technology (IT),Software Developer,141050.93,2020-03-31
E0942,Mallory Beasley,55,Customer Service,Customer Service Representative,142058.79,2023-11-07
E0943,Jennifer Harvey,42,Finance,Financial Analyst,90434.24,2014-09-29
E0944,Tiffany Ramsey,27,Sales,Sales Manager,110983.76,2019-10-13
E0945,Scott Davis,29,Product Development,Product Manager,132050.92,2020-05-13
E0946,Christine Brady,29,Legal,General Counsel,74437.05,2023-07-26
E0947,Mr. Juan Porter,30,Customer Service,Customer Service Representative,123756.36,2019-05-01
E0948,Joseph Vasquez,34,Marketing,Marketing Manager,88354.2,2019-10-14
E0949,Gregory Anderson Jr.,42,Sales,Sales Representative,57818.32,2020-04-15
E0950,Amy Perry,48,Finance,Chief Financial Officer (CFO),121324.5,2022-09-02
E0951,Stephen Mcdonald,28,Finance,Financial Analyst,64318.18,2022-04-13
E0952,Elizabeth Lyons,32,Sales,Account Manager,116064.05,2023-11-03
E0953,Joseph Davis,40,Human Resources,Human Resources Manager,56314.73,2023-11-27
E0954,Bianca Henderson,23,Information Technology (IT),Software Developer,143732.17,2017-03-13
E0955,Daniel Bray,57,Sales,Sales Manager,120294.38,2020-01-31
E0956,Adrian Butler,39,Information Technology (IT),Software Developer,91012.78,2018-09-07
E0957,Terry Martinez,58,Finance,Chief Financial Officer (CFO),116339.38,2020-08-08
E0958,Linda Bailey,31,Finance,Financial Analyst,84662.14,2023-04-22
E0959,Jason Anderson,46,Customer Service,Customer Service Representative,104902.31,2023-11-15
E0960,Terry Dawson,31,Legal,General Counsel,140390.25,2015-07-14
E0961,Thomas Jensen,26,Information Technology (IT),Software Developer,113878.92,2023-11-22
E0962,Elizabeth Hawkins,41,Human Resources,Recruiter,65206.92,2019-03-24
E0963,Matthew Weiss DDS,46,Customer Service,Customer Service Representative,121966.27,2019-08-31
E0964,Stacy Williams,56,Marketing,Marketing Manager,117956.24,2023-08-07
E0965,David Stafford,50,Human Resources,Human Resources Manager,103080.85,2022-03-29
E0966,Dr. Heather Myers,23,Human Resources,Human Resources Manager,66811.37,2022-03-28
E0967,Julie Wu,54,Product Development,R&D Specialist,58247.03,2023-03-31
E0968,Barbara Edwards,32,Operations,Operations Manager,88626.54,2017-09-01
E0969,Seth Herrera,38,Information Technology (IT),Software Developer,135521.08,2021-10-29
E0970,Jo Guerra,50,Marketing,SEO Specialist,127554.82,2016-10-05
E0971,Gregory Gonzalez,33,Human Resources,Recruiter,89042.51,2024-02-06
E0972,Tracey Wiley,53,Product Development,Product Designer,130977.69,2021-11-16
E0973,Zachary Burke,44,Product Development,Product Manager,75947.61,2021-06-15
E0974,Daniel Rivers,59,Marketing,Content Creator,115154.93,2015-06-17
E0975,Hayley Khan,50,Operations,Operations Manager,122387.83,2016-08-14
E0976,Brian Lopez,43,Information Technology (IT),Network Administrator,76537.01,2021-04-28
E0977,Susan Larson,31,Information Technology (IT),Information Technology Manager,145982.08,2017-07-24
E0978,Frederick Reed,40,Marketing,Marketing Manager,96186.33,2021-03-11
E0979,Edward Johnson,53,Product Development,R&D Specialist,69081.81,2021-03-24
E0980,Mrs. Danielle Lane,52,Sales,Account Manager,126863.71,2016-10-14
E0981,Erin Ward,57,Customer Service,Technical Support Specialist,88744.06,2014-10-21
E0982,Ashley Jackson,46,Human Resources,Human Resources Manager,82537.11,2015-04-21
E0983,Thomas Blankenship,35,Customer Service,Customer Service Representative,81066.51,2016-09-30
E0984,Joseph West,60,Sales,Sales Manager,96155.15,2014-08-29
E0985,James White,55,Marketing,Content Creator,96670.69,2015-10-30
E0986,Chris Lee DVM,30,Legal,Paralegal,78129.27,2017-01-20
E0987,Steven Moore,42,Human Resources,Human Resources Specialist,139904.8,2019-05-16
E0988,Matthew Moore,49,Information Technology (IT),Network Administrator,69400.38,2014-10-12
E0989,Austin Olson,33,Operations,Logistics Coordinator,109457.61,2018-08-12
E0990,Elaine Bennett,26,Human Resources,Recruiter,143158.1,2015-09-16
E0991,Melissa Steele,44,Finance,Chief Financial Officer (CFO),63358.57,2022-08-15
E0992,Stacey Miller,53,Human Resources,Human Resources Manager,141074.98,2018-04-26
E0993,Christina David,34,Operations,Operations Manager,138171.66,2022-03-11
E0994,Susan Harris,54,Customer Service,Customer Service Representative,141553.56,2019-04-13
E0995,James Espinoza,59,Operations,Quality Assurance Specialist,54481.98,2020-08-18
E0996,Timothy Rivers,43,Product Development,Product Designer,116730.4,2019-11-02
E0997,Shelley Hernandez,35,Human Resources,Human Resources Specialist,52892.43,2020-08-25
E0998,Philip Morrison,23,Finance,Chief Financial Officer (CFO),129531.55,2016-06-16
E0999,Cynthia Brown,43,Finance,Financial Analyst,80474.58,2016-06-18
E1000,Adam Sandoval,25,Product Development,Product Manager,140165.59,2023-10-03
ee1d79c4bb,abc,32,Information Technology (IT),Information Technology Manager,50000.0,2024-08-31
02ca17f8d3,xyz,44,Human Resources,Human Resources Manager,50300.0,2024-08-31
